{
  "shape": [
    30139,
    15
  ],
  "dtypes": {
    "age": "int64",
    "workclass": "str",
    "fnlwgt": "int64",
    "education": "str",
    "educational-num": "int64",
    "marital-status": "str",
    "occupation": "str",
    "relationship": "str",
    "race": "str",
    "gender": "str",
    "capital-gain": "int64",
    "capital-loss": "int64",
    "hours-per-week": "int64",
    "native-country": "str",
    "income": "str"
  },
  "missing_total": 0,
  "duplicate_rows": 0,
  "numeric_describe": {
    "age": {
      "count": 30139.0,
      "mean": 38.44172003052523,
      "std": 13.131425971315377,
      "min": 17.0,
      "25%": 28.0,
      "50%": 37.0,
      "75%": 47.0,
      "max": 90.0
    },
    "fnlwgt": {
      "count": 30139.0,
      "mean": 189795.02597962774,
      "std": 105658.62434055071,
      "min": 13769.0,
      "25%": 117627.5,
      "50%": 178417.0,
      "75%": 237604.5,
      "max": 1484705.0
    },
    "educational-num": {
      "count": 30139.0,
      "mean": 10.122532267162148,
      "std": 2.5487384526126786,
      "min": 1.0,
      "25%": 9.0,
      "50%": 10.0,
      "75%": 13.0,
      "max": 16.0
    },
    "capital-gain": {
      "count": 30139.0,
      "mean": 1092.8412024287468,
      "std": 7409.110596312437,
      "min": 0.0,
      "25%": 0.0,
      "50%": 0.0,
      "75%": 0.0,
      "max": 99999.0
    },
    "capital-loss": {
      "count": 30139.0,
      "mean": 88.43992833206144,
      "std": 404.4452387625337,
      "min": 0.0,
      "25%": 0.0,
      "50%": 0.0,
      "75%": 0.0,
      "max": 4356.0
    },
    "hours-per-week": {
      "count": 30139.0,
      "mean": 40.934702544875414,
      "std": 11.978753137561919,
      "min": 1.0,
      "25%": 40.0,
      "50%": 40.0,
      "75%": 45.0,
      "max": 99.0
    }
  },
  "categorical_top_values": {
    "workclass": {
      "Private": 22264,
      "Self-emp-not-inc": 2498,
      "Local-gov": 2067,
      "State-gov": 1279,
      "Self-emp-inc": 1074
    },
    "education": {
      "HS-grad": 9834,
      "Some-college": 6669,
      "Bachelors": 5042,
      "Masters": 1626,
      "Assoc-voc": 1307
    },
    "marital-status": {
      "Married-civ-spouse": 14059,
      "Never-married": 9711,
      "Divorced": 4212,
      "Separated": 939,
      "Widowed": 827
    },
    "occupation": {
      "Prof-specialty": 4034,
      "Craft-repair": 4025,
      "Exec-managerial": 3991,
      "Adm-clerical": 3719,
      "Sales": 3584
    },
    "relationship": {
      "Husband": 12457,
      "Not-in-family": 7714,
      "Own-child": 4462,
      "Unmarried": 3211,
      "Wife": 1406
    },
    "race": {
      "White": 25912,
      "Black": 2816,
      "Asian-Pac-Islander": 894,
      "Amer-Indian-Eskimo": 286,
      "Other": 231
    },
    "gender": {
      "Male": 20366,
      "Female": 9773
    },
    "native-country": {
      "United-States": 27487,
      "Mexico": 606,
      "Philippines": 188,
      "Germany": 128,
      "Puerto-Rico": 109
    },
    "income": {
      "<=50K": 22633,
      ">50K": 7506
    }
  },
  "target_distribution": {
    "<=50K": 22633,
    ">50K": 7506
  }
}